{"2017-11-19": {"SAR_VV": [0.7945427298545837, 0.72501540184021, null, 0.7543916702270508, 0.7792301774024963, 0.7686330676078796, 0.7889396548271179, 0.7260935306549072, 0.7501134276390076, 0.786919891834259, 0.805727481842041, 0.7659806609153748, 0.6390418410301208, 0.8089731931686401, 0.768179714679718, 0.768179714679718, 0.7251133918762207, 0.7569196224212646, 0.7520793080329895, 0.6852404475212097, 0.743325412273407, 0.7411998510360718, 0.7665422558784485, 0.7911761999130249, 0.7499696612358093, 0.7810472846031189, 0.739901602268219, 0.8003413677215576, 0.7203264236450195, 0.7624680995941162, 0.6206850409507751, 0.7253409028053284, 0.6822036504745483, 0.7568271160125732, 0.712431013584137, 0.7421873211860657, 0.7829155921936035, 0.7459703087806702, 0.7268425226211548, 0.7659483551979065, 0.7676374316215515, 0.7615646123886108, 0.7763887047767639, 0.7446666359901428, 0.7476741075515747, 0.7790787220001221, 0.7790787220001221, 0.7879254221916199, 0.7909713983535767, 0.7926193475723267, 0.7480515241622925, 0.7720409631729126, 0.7387437224388123, 0.7720409631729126, 0.8025842905044556, 0.770725667476654, 0.7242239117622375, 0.7492775917053223, 0.8257433772087097, 0.770725667476654, 0.8072985410690308, 0.7622336149215698, 0.7803934812545776, 0.8054851293563843, 0.8307139277458191, 0.7307825684547424, 0.7472391724586487, 0.805637538433075, 0.7650466561317444, 0.7608054876327515, 0.7575834393501282, 0.7133017778396606, 0.7880955338478088, 0.7587583661079407, 0.7713887095451355, 0.8029475808143616, 0.7682742476463318, 0.7128967046737671, 0.7027380466461182, 0.7987132668495178, 0.7945207953453064, 0.7487964630126953, 0.8274362087249756, 0.727525532245636, null, 0.7146734595298767, 0.7839398384094238, 0.7673015594482422, 0.7687355279922485, 0.7570353746414185, 0.7727187275886536, 0.696474552154541, null, null, 0.7575643658638, null, 0.7600606083869934, null, null, null], "SAR_VH": [0.684059202671051, 0.6198251247406006, null, 0.6218318343162537, 0.6678127646446228, 0.6349300742149353, 0.6577754616737366, 0.5715808272361755, 0.558353066444397, 0.5832504034042358, 0.6810154914855957, 0.6187356114387512, 0.6239450573921204, 0.6098897457122803, 0.6286255717277527, 0.6286255717277527, 0.6026943325996399, 0.6090543270111084, 0.6194921135902405, 0.6722949147224426, 0.5690240859985352, 0.4833924472332001, 0.6142190098762512, 0.5658807754516602, 0.544411838054657, 0.5773587226867676, 0.579599142074585, 0.6060156226158142, 0.6212947964668274, 0.6458187699317932, 0.5662016868591309, 0.6107209920883179, 0.5282480716705322, 0.582502543926239, 0.632240891456604, 0.623319149017334, 0.5594929456710815, 0.6142029166221619, 0.6339443922042847, 0.6096497178077698, 0.623784065246582, 0.6395368576049805, 0.5455459356307983, 0.5821664333343506, 0.5945891737937927, 0.6174800395965576, 0.6174800395965576, 0.5254403948783875, 0.6645564436912537, 0.5085042119026184, 0.5976648926734924, 0.5970455408096313, 0.6488224267959595, 0.5970455408096313, 0.5958107113838196, 0.6638936996459961, 0.6474921107292175, 0.5844690799713135, 0.5779908299446106, 0.6638936996459961, 0.6167992949485779, 0.6040816903114319, 0.6280622482299805, 0.6308881640434265, 0.6126684546470642, 0.5730674862861633, 0.6138193011283875, 0.6377960443496704, 0.5655428767204285, 0.5068727731704712, 0.5870155096054077, 0.46588292717933655, 0.6424958109855652, 0.5643422603607178, 0.6184712052345276, 0.56801438331604, 0.5818256139755249, 0.5851291418075562, 0.5701306462287903, 0.5231340527534485, 0.5943190455436707, 0.5435894131660461, 0.5269116163253784, 0.49604544043540955, null, 0.5350731015205383, 0.5931730270385742, 0.5895358324050903, 0.5853328704833984, 0.584922194480896, 0.5381127595901489, 0.5769562125205994, null, null, 0.5862630605697632, null, 0.629685640335083, null, null, null]}, "2017-12-25": {"SAR_VV": [0.7192293405532837, 0.744156002998352, null, 0.7642394304275513, 0.7711156010627747, 0.7937992215156555, 0.7047889232635498, 0.7998151779174805, 0.7335641980171204, 0.7157610058784485, 0.802379310131073, 0.7964344024658203, 0.7844662070274353, 0.8073673844337463, 0.798680305480957, 0.808621346950531, 0.7941769957542419, 0.7261896133422852, 0.7185676693916321, 0.7365956902503967, 0.6956846117973328, 0.7569675445556641, 0.759997546672821, 0.8266317844390869, 0.7601186633110046, 0.8072943687438965, 0.7728404998779297, 0.7731197476387024, 0.8042547106742859, 0.763314425945282, 0.7987806797027588, 0.781548261642456, 0.7853385806083679, 0.7606117129325867, 0.7440189719200134, 0.7440488338470459, 0.7499933242797852, 0.7498340606689453, 0.7439842820167542, 0.7173597812652588, 0.7832522392272949, 0.7443717122077942, 0.7720568180084229, 0.7978115081787109, 0.6500283479690552, 0.7611324191093445, 0.769578754901886, 0.7636584043502808, 0.779670774936676, 0.7234894037246704, 0.7538707256317139, 0.7585810422897339, 0.724536120891571, 0.7814373970031738, 0.7663929462432861, 0.7322580814361572, 0.7576599717140198, 0.6548094749450684, 0.7986093163490295, 0.7322580814361572, 0.8304338455200195, 0.7834904193878174, 0.7605946660041809, 0.7458056211471558, 0.7519366145133972, 0.7258632779121399, 0.7822821140289307, 0.7437441349029541, 0.7615240216255188, 0.7527589797973633, 0.8334066271781921, 0.7399951815605164, 0.7688701152801514, 0.7334493398666382, 0.75312340259552, 0.797606348991394, 0.8024787902832031, 0.7429080009460449, 0.7828634977340698, 0.8178986310958862, 0.8137958645820618, 0.7570045590400696, 0.8375096321105957, 0.7090275287628174, null, 0.7226517796516418, 0.7439109086990356, 0.72245854139328, 0.7159486413002014, 0.7223491072654724, 0.7276290655136108, 0.7591552734375, null, null, 0.72245854139328, null, 0.7802937626838684, null, null, null], "SAR_VH": [0.6376144886016846, 0.6612114310264587, null, 0.6070057153701782, 0.5809566974639893, 0.6214151382446289, 0.6692177057266235, 0.6818373799324036, 0.5662888884544373, 0.6746680736541748, 0.7211188673973083, 0.7123687863349915, 0.6773391962051392, 0.7084569931030273, 0.5889790654182434, 0.6522003412246704, 0.6022902131080627, 0.6497870087623596, 0.6520935297012329, 0.6154599785804749, 0.5857782363891602, 0.6437628269195557, 0.6064804792404175, 0.6646674871444702, 0.6709091067314148, 0.6885526776313782, 0.6191955804824829, 0.6657630205154419, 0.6461395025253296, 0.5966460108757019, 0.6530742645263672, 0.5936522483825684, 0.6568454504013062, 0.6957389116287231, 0.5750483870506287, 0.575449526309967, 0.6142780184745789, 0.5961912274360657, 0.5973968505859375, 0.639132022857666, 0.5948835015296936, 0.6276444792747498, 0.661906898021698, 0.6441003084182739, 0.6371384263038635, 0.6830326318740845, 0.7046416401863098, 0.6736377477645874, 0.6980487108230591, 0.6801336407661438, 0.6580618023872375, 0.5843097567558289, 0.6922549605369568, 0.5689899325370789, 0.6772754192352295, 0.6726889610290527, 0.6645519137382507, 0.6668906807899475, 0.6372631192207336, 0.6726889610290527, 0.6330661177635193, 0.6390936374664307, 0.6484603881835938, 0.5973756909370422, 0.6939139366149902, 0.6100614666938782, 0.6405646204948425, 0.6244958639144897, 0.6751677989959717, 0.6223806738853455, 0.6493440270423889, 0.6346709728240967, 0.6343514323234558, 0.5961432456970215, 0.5837723612785339, 0.6409342885017395, 0.6624218225479126, 0.6195076107978821, 0.6963973641395569, 0.6236088275909424, 0.6331220269203186, 0.6111024022102356, 0.6295555233955383, 0.6478040814399719, null, 0.7048235535621643, 0.6526159644126892, 0.6345065832138062, 0.6986252069473267, 0.6780487298965454, 0.6119420528411865, 0.647220253944397, null, null, 0.6345065832138062, null, 0.6798769235610962, null, null, null]},