{"2017-11-19": {"SAR_VV": [0.7409618496894836, 0.7415658831596375, 0.711856484413147, 0.7478175759315491, 0.7829052805900574, 0.7191601395606995, 0.7695490121841431, 0.7955775260925293, 0.7439055442810059, 0.7213627696037292, 0.8094372749328613, 0.7448567152023315, 0.7838415503501892, 0.6876965165138245, 0.7471566200256348, 0.781557559967041, 0.7455669641494751, 0.7568365335464478, 0.7619946599006653, 0.8231323957443237, 0.764319658279419, 0.7721527218818665, 0.7615451216697693, 0.7673069834709167, 0.7012588381767273, 0.6734129190444946, 0.7135128974914551, 0.7208918929100037, 0.7902365922927856, 0.7047004103660583, 0.7733169198036194, 0.761133074760437, 0.6910784244537354, 0.6937373280525208, 0.7011186480522156, 0.7191821932792664, 0.7432708740234375, 0.726384162902832, 0.8078510165214539, 0.7311487197875977, 0.6833630204200745, 0.7172483205795288, 0.6572249531745911, 0.669884204864502, 0.7445032596588135, 0.7269923686981201, 0.7084936499595642, 0.6813918948173523, 0.6675240993499756, 0.7722258567810059, 0.7829645276069641, 0.7370779514312744, 0.7243542671203613, 0.739871621131897, 0.7410202026367188, 0.6924239993095398, 0.7820935249328613, 0.7308634519577026, 0.7509933114051819, 0.7657996416091919, 0.7500600814819336, 0.7198649048805237, 0.7171082496643066, 0.7387537956237793, 0.7344878315925598, 0.7263715267181396, 0.7344878315925598, 0.6782965064048767, 0.5948222279548645, 0.7385880947113037, 0.7481983304023743, 0.7865245938301086, 0.7339064478874207, 0.763368546962738, 0.7620697617530823, 0.7717098593711853, 0.765006959438324, 0.8021612763404846, 0.7700441479682922, 0.7363935112953186, 0.7517342567443848, 0.7582806348800659, 0.7610105872154236, 0.7309852838516235, 0.7978490591049194, 0.6766886115074158, null, 0.7347946166992188, 0.791277289390564, 0.8177611827850342, 0.7900577783584595, null, 0.752659261226654, 0.7828146815299988, 0.6945565342903137, null, 0.7319432497024536, 0.6906576752662659, 0.6911506056785583, 0.7437724471092224], "SAR_VH": [0.6523038148880005, 0.6279409527778625, 0.5637294054031372, 0.5605853796005249, 0.5379756689071655, 0.6445353627204895, 0.6354822516441345, 0.6350487470626831, 0.5655630230903625, 0.5656249523162842, 0.6259050369262695, 0.6304126977920532, 0.6075826287269592, 0.5543128848075867, 0.5800679326057434, 0.5824897289276123, 0.5511195063591003, 0.5524246692657471, 0.5690380334854126, 0.6184045076370239, 0.49357765913009644, 0.6374234557151794, 0.5775495171546936, 0.47882604598999023, 0.5224968194961548, 0.5989229083061218, 0.5029882788658142, 0.6072906255722046, 0.5767854452133179, 0.5753108859062195, 0.6894684433937073, 0.5426546931266785, 0.6204988360404968, 0.49825406074523926, 0.6484017968177795, 0.5394176244735718, 0.6076720952987671, 0.5096288323402405, 0.6010599732398987, 0.6298433542251587, 0.5941283106803894, 0.6567667722702026, 0.554824948310852, 0.6200963854789734, 0.6341002583503723, 0.6366012692451477, 0.6291234493255615, 0.6292203068733215, 0.6160590052604675, 0.6203431487083435, 0.6228697299957275, 0.6080968976020813, 0.556358277797699, 0.5756028890609741, 0.6663112044334412, 0.6792376637458801, 0.551447868347168, 0.49906912446022034, 0.4587327837944031, 0.5118317008018494, 0.473754346370697, 0.5637595057487488, 0.585340142250061, 0.6438194513320923, 0.5547046661376953, 0.6150698661804199, 0.5547046661376953, 0.5849598050117493, 0.581279993057251, 0.6226668953895569, 0.5852444767951965, 0.6177570819854736, 0.5475642085075378, 0.48756110668182373, 0.524493932723999, 0.42012760043144226, 0.5726917386054993, 0.5785911679267883, 0.5360358357429504, 0.5080915093421936, 0.586466908454895, 0.5311512351036072, 0.6649932265281677, 0.589586615562439, 0.5345033407211304, 0.5494186282157898, null, 0.569672167301178, 0.5781840682029724, 0.6342868208885193, 0.6359255909919739, null, 0.5246680378913879, 0.610491931438446, 0.6854594349861145, null, 0.6245070099830627, 0.6641268730163574, 0.6433524489402771, 0.5596328377723694]}, "2017-12-25": {"SAR_VV": [0.763975203037262, 0.7004925012588501, 0.783574104309082, 0.6796567440032959, 0.6890637874603271, 0.7428900599479675, 0.7840228080749512, 0.7956939935684204, 0.7688781023025513, 0.7673642039299011, 0.7520771026611328, 0.783179521560669, 0.6882464289665222, 0.7877129912376404, 0.7868036031723022, 0.7334929704666138, 0.7376377582550049, 0.7806789875030518, 0.7241745591163635, 0.7424394488334656, 0.7365994453430176, 0.791100025177002, 0.8057569861412048, 0.7596088647842407, 0.7466630935668945, 0.7566171884536743, 0.7214074730873108, 0.7102860808372498, 0.7329277992248535, 0.78463214635849, 0.776894748210907, 0.7166616320610046, 0.7530784010887146, 0.750006914138794, 0.7480049729347229, 0.7229563593864441, 0.747581958770752, 0.7197304964065552, 0.7274678349494934, 0.7335015535354614, 0.742418110370636, 0.7847592830657959, 0.7283676266670227, 0.8235352039337158, 0.7404934167861938, 0.7580360770225525, 0.7627402544021606, 0.7373878359794617, 0.7209171652793884, 0.7754790186882019, 0.7754790186882019, 0.7902212738990784, 0.7148247361183167, 0.7815136909484863, 0.7192578315734863, 0.7516908049583435, 0.7576341032981873, 0.7850453853607178, 0.8051457405090332, 0.7181230187416077, 0.8063073754310608, 0.6582776308059692, 0.718159019947052, 0.7665963768959045, 0.8088910579681396, 0.7574726939201355, 0.804474413394928, 0.7231177687644958, 0.8004949688911438, 0.7142125964164734, 0.7463196516036987, 0.7834622263908386, 0.7608705163002014, 0.8002708554267883, 0.7773889303207397, 0.732561469078064, 0.7437081336975098, 0.736441433429718, 0.7902804017066956, 0.7598949670791626, 0.7857766151428223, 0.6778514385223389, 0.7563127279281616, 0.7831977605819702, 0.7288209795951843, 0.7584207057952881, null, 0.7587601542472839, 0.7505471706390381, 0.72624671459198, 0.7675879001617432, null, 0.7829071879386902, 0.7090112566947937, 0.7444797158241272, null, 0.7033552527427673, 0.7576605081558228, 0.6905947923660278, 0.7837976813316345], "SAR_VH": [0.6518905162811279, 0.636134922504425, 0.6643420457839966, 0.6109590530395508, 0.6306809186935425, 0.6173152923583984, 0.6658073663711548, 0.7080729603767395, 0.7116008400917053, 0.6670966148376465, 0.6271864771842957, 0.597412645816803, 0.6414185762405396, 0.5961080193519592, 0.6056540012359619, 0.6589165925979614, 0.582493782043457, 0.6282613277435303, 0.5479963421821594, 0.6828513741493225, 0.6243284344673157, 0.6118366122245789, 0.6985883712768555, 0.6580696105957031, 0.5915143489837646, 0.6510621905326843, 0.6011770963668823, 0.6467741131782532, 0.6803126931190491, 0.5895325541496277, 0.5873076319694519, 0.6469468474388123, 0.6387863755226135, 0.6471017003059387, 0.6346713304519653, 0.6562915444374084, 0.6154943108558655, 0.6479538679122925, 0.56597501039505, 0.6363826990127563, 0.6780101656913757, 0.6984447836875916, 0.5909379720687866, 0.6256544589996338, 0.6520721316337585, 0.6541226506233215, 0.6583266258239746, 0.6589136719703674, 0.6752773523330688, 0.5922881960868835, 0.5922881960868835, 0.6728193759918213, 0.6715419888496399, 0.6333634257316589, 0.6508552432060242, 0.6501911878585815, 0.651771068572998, 0.5629467964172363, 0.6866158843040466, 0.7038111686706543, 0.6665332913398743, 0.6531619429588318, 0.7326630353927612, 0.6426472663879395, 0.5853791832923889, 0.620602011680603, 0.6004464626312256, 0.6474456191062927, 0.6707810163497925, 0.6700430512428284, 0.6698388457298279, 0.6193217635154724, 0.7133336663246155, 0.6741936206817627, 0.6222227215766907, 0.6659347414970398, 0.6692937612533569, 0.6242828965187073, 0.6308327317237854, 0.6654734015464783, 0.6573605537414551, 0.7232450246810913, 0.6663539409637451, 0.719252347946167, 0.725331723690033, 0.6705273985862732, null, 0.5483188033103943, 0.6942189931869507, 0.6568161249160767, 0.6227526068687439, null, 0.6379854679107666, 0.6639039516448975, 0.6371548175811768, null, 0.675183892250061, 0.5762260556221008, 0.6500446200370789, 0.6254305243492126]},