{"2017-01-27": {"B": [0.1684158444404602, 0.17777636647224426, 0.17777636647224426, 0.17494644224643707, 0.16493286192417145, 0.17951786518096924, 0.17168115079402924, 0.16493286192417145, 0.17777636647224426, 0.17015734314918518, 0.18713688850402832, 0.1644974946975708, 0.17168115079402924, 0.18583077192306519, 0.17168115079402924, 0.17755869030952454, 0.1742933839559555, 0.17755869030952454, 0.17755869030952454, 0.1675451099872589, 0.1742933839559555, 0.17755869030952454, 0.17755869030952454, 0.1675451099872589, 0.17298726737499237, 0.17581719160079956, 0.17581719160079956, 0.16493286192417145, 0.16493286192417145, 0.17494644224643707, 0.17059271037578583, 0.16493286192417145, 0.16014376282691956, 0.15709614753723145, 0.16689203679561615, 0.16101451218128204, 0.16689203679561615, 0.17059271037578583, 0.16993965208530426, 0.16993965208530426, 0.16993965208530426, 0.15709614753723145, 0.16101451218128204, 0.16493286192417145, 0.16558592021465302, 0.16493286192417145, 0.16101451218128204, 0.1644974946975708, 0.16188524663448334, 0.16188524663448334, 0.17777636647224426, 0.16406211256980896, 0.15709614753723145, 0.15709614753723145, 0.15100093185901642, 0.17777636647224426, 0.16406211256980896, 0.16819816827774048, 0.1557900309562683, 0.1644974946975708, 0.17081040143966675, 0.1557900309562683, 0.15927301347255707, 0.17255190014839172, 0.15927301347255707, 0.17472876608371735, 0.15513697266578674, 0.1518716663122177, 0.15208935737609863, 0.16906890273094177, 0.16493286192417145, 0.1518716663122177, 0.16906890273094177, 0.16232062876224518, 0.17407569289207458, 0.16602130234241486, 0.16232062876224518, 0.1664566695690155, 0.16798047721385956, 0.15404853224754333, 0.15404853224754333, 0.15100093185901642, 0.1712457686662674, 0.1664566695690155, 0.15970838069915771, 0.1664566695690155, 0.16798047721385956, 0.1675451099872589, 0.13271525502204895, null, null, 0.14033427834510803, 0.1575315147638321, null, null, null, null, null, null, null], "G": [0.19720862805843353, 0.2082625776529312, 0.2082625776529312, 0.213681161403656, 0.19764211773872375, 0.21043001115322113, 0.20652861893177032, 0.19764211773872375, 0.2082625776529312, 0.2063118815422058, 0.22235092520713806, 0.20674535632133484, 0.20652861893177032, 0.22191743552684784, 0.20652861893177032, 0.20891280472278595, 0.207829087972641, 0.20891280472278595, 0.20891280472278595, 0.20111002027988434, 0.207829087972641, 0.20891280472278595, 0.20891280472278595, 0.20111002027988434, 0.20544490218162537, 0.2082625776529312, 0.2082625776529312, 0.19395747780799866, 0.19395747780799866, 0.2063118815422058, 0.2002430409193039, 0.19395747780799866, 0.18788863718509674, 0.1870216727256775, 0.19352398812770844, 0.19525793194770813, 0.19352398812770844, 0.2002430409193039, 0.19699189066886902, 0.19699189066886902, 0.19699189066886902, 0.1870216727256775, 0.19222351908683777, 0.19395747780799866, 0.19590817391872406, 0.19395747780799866, 0.19222351908683777, 0.19417421519756317, 0.18788863718509674, 0.18788863718509674, 0.21129699051380157, 0.19742538034915924, 0.187238410115242, 0.187238410115242, 0.17683470249176025, 0.21129699051380157, 0.19742538034915924, 0.1985090970993042, 0.18398725986480713, 0.19417421519756317, 0.2043611854314804, 0.18398725986480713, 0.19005608558654785, 0.2043611854314804, 0.19005608558654785, 0.21021325886249542, 0.18680492043495178, 0.1833370178937912, 0.17683470249176025, 0.20089328289031982, 0.1963416486978531, 0.1833370178937912, 0.20089328289031982, 0.1930904984474182, 0.20349420607089996, 0.1987258344888687, 0.1930904984474182, 0.19937607645988464, 0.19330723583698273, 0.18225330114364624, 0.18008586764335632, 0.17336679995059967, 0.202410489320755, 0.19937607645988464, 0.19005608558654785, 0.19937607645988464, 0.19330723583698273, 0.19894258677959442, 0.15451008081436157, null, null, 0.16122914850711823, 0.187238410115242, null, null, null, null, null, null, null], "R": [0.2678394913673401, 0.2806522250175476, 0.2806522250175476, 0.29282432794570923, 0.27040204405784607, 0.2913295030593872, 0.28150641918182373, 0.27040204405784607, 0.2806522250175476, 0.28086578845977783, 0.299230694770813, 0.2838554084300995, 0.28150641918182373, 0.2979494333267212, 0.28150641918182373, 0.28043869137763977, 0.2840689718723297, 0.28043869137763977, 0.28043869137763977, 0.27296459674835205, 0.2840689718723297, 0.28043869137763977, 0.28043869137763977, 0.27296459674835205, 0.27680841088294983, 0.2844960391521454, 0.2844960391521454, 0.26442277431488037, 0.26442277431488037, 0.28171995282173157, 0.2721104025840759, 0.26442277431488037, 0.2573757767677307, 0.2558809518814087, 0.2665582299232483, 0.2665582299232483, 0.2665582299232483, 0.2721104025840759, 0.26634466648101807, 0.26634466648101807, 0.26634466648101807, 0.2558809518814087, 0.2652769386768341, 0.26442277431488037, 0.2686936855316162, 0.26442277431488037, 0.2652769386768341, 0.26164668798446655, 0.25758931040763855, 0.25758931040763855, 0.28833988308906555, 0.27040204405784607, 0.25374549627304077, 0.25374549627304077, 0.24370884895324707, 0.28833988308906555, 0.27040204405784607, 0.27360522747039795, 0.2511829435825348, 0.26164668798446655, 0.28236058354377747, 0.2511829435825348, 0.2612195909023285, 0.28171995282173157, 0.2612195909023285, 0.2853502333164215, 0.25694867968559265, 0.2539590299129486, 0.244563028216362, 0.2744594216346741, 0.2712562382221222, 0.2539590299129486, 0.2744594216346741, 0.26826658844947815, 0.2806522250175476, 0.27510005235671997, 0.26826658844947815, 0.27168330550193787, 0.2659175992012024, 0.25225067138671875, 0.24883393943309784, 0.2439223974943161, 0.274032324552536, 0.27168330550193787, 0.26356858015060425, 0.27168330550193787, 0.2659175992012024, 0.2706155776977539, 0.20975510776042938, null, null, 0.2232084721326828, 0.25609448552131653, null, null, null, null, null, null, null], "NIR": [0.38365015387535095, 0.4021821618080139, 0.4021821618080139, 0.41135063767433167, 0.39691516757011414, 0.42266491055488586, 0.41798314452171326, 0.39691516757011414, 0.4021821618080139, 0.4148619472980499, 0.4291023313999176, 0.4181782007217407, 0.41798314452171326, 0.44197723269462585, 0.41798314452171326, 0.40062156319618225, 0.41057032346725464, 0.40062156319618225, 0.40062156319618225, 0.3967200815677643, 0.41057032346725464, 0.40062156319618225, 0.40062156319618225, 0.3967200815677643, 0.39223340153694153, 0.4084245264530182, 0.4084245264530182, 0.3807240426540375, 0.3807240426540375, 0.4045230448246002, 0.3887220621109009, 0.3807240426540375, 0.36667871475219727, 0.38033390045166016, 0.37662747502326965, 0.3854058086872101, 0.37662747502326965, 0.3887220621109009, 0.38325998187065125, 0.38325998187065125, 0.38325998187065125, 0.38033390045166016, 0.3891122043132782, 0.3807240426540375, 0.39223340153694153, 0.3807240426540375, 0.3891122043132782, 0.37565210461616516, 0.37097033858299255, 0.37097033858299255, 0.4131062924861908, 0.38755160570144653, 0.3694097399711609, 0.3694097399711609, 0.36667871475219727, 0.4131062924861908, 0.38755160570144653, 0.3937939703464508, 0.3647279739379883, 0.37565210461616516, 0.40959495306015015, 0.3647279739379883, 0.3805289566516876, 0.4060836434364319, 0.3805289566516876, 0.4093998968601227, 0.3768225610256195, 0.3768225610256195, 0.3754570484161377, 0.4008166491985321, 0.3980855941772461, 0.3768225610256195, 0.4008166491985321, 0.3934038281440735, 0.4037427604198456, 0.40198707580566406, 0.3934038281440735, 0.4041329026222229, 0.3863811790943146, 0.3725309371948242, 0.36960482597351074, 0.3561447262763977, 0.3994511365890503, 0.4041329026222229, 0.38833191990852356, 0.4041329026222229, 0.3863811790943146, 0.394379198551178, 0.32571321725845337, null, null, 0.35224324464797974, 0.38462552428245544, null, null, null, null, null, null, null],