{"2017-11-19": {"SAR_VV": [0.7090408802032471, 0.7578015327453613, 0.7024242281913757, 0.702795684337616, 0.7492340207099915, 0.6827568411827087, 0.7164592146873474, 0.7482622265815735, 0.7482622265815735, 0.7482622265815735, 0.6874561309814453, 0.7296707034111023, 0.749005138874054, 0.7474813461303711, 0.7313441038131714, 0.7409663796424866, 0.790357768535614, 0.6834679841995239, 0.676419198513031, 0.7202222943305969, 0.6747746467590332, 0.6940404176712036, 0.6857854723930359, 0.7062770128250122, null, 0.7131340503692627, 0.6806063652038574, 0.6578161120414734, null, 0.7010712623596191, 0.6866570711135864, 0.6329745650291443, 0.5954594612121582, 0.6866570711135864, 0.6996825337409973, 0.7199262976646423, 0.6778956651687622, 0.6003260612487793, 0.686873197555542, 0.6846456527709961, 0.7049647569656372, 0.7517346739768982, 0.7003130912780762, 0.7750532031059265, 0.7517346739768982, 0.6853578090667725, 0.7539148330688477, 0.6948407888412476, 0.6977174282073975, 0.7396725416183472, 0.7630670070648193, 0.7048226594924927, 0.7538923025131226, 0.6887178421020508, 0.7484789490699768, 0.6572325229644775, 0.7566465139389038, 0.7112702131271362, 0.7534066438674927, 0.7073522210121155, 0.7035006880760193, 0.7534066438674927, 0.6675753593444824, 0.6943520307540894, 0.6943520307540894, 0.7366650104522705, 0.7742838859558105, 0.7105574607849121, 0.7188674211502075, 0.7204266786575317, 0.744854748249054, 0.5794647336006165, 0.691562294960022, 0.6497888565063477, 0.6428009271621704, 0.6428009271621704, 0.6746761202812195, 0.6562763452529907, 0.621096134185791, 0.697472870349884, 0.6705650091171265, 0.6339038610458374, 0.7415173649787903, 0.7553161382675171, 0.615659236907959, 0.666280210018158, 0.7362204790115356, 0.719505786895752, 0.666280210018158, 0.5982630252838135, 0.6104873418807983, 0.7189390659332275, 0.6621868014335632, 0.7544047236442566, 0.6994873285293579, 0.7056523561477661, 0.7541096806526184, 0.7036898732185364, 0.6478162407875061, 0.654196560382843], "SAR_VH": [0.5157475471496582, 0.5828819870948792, 0.6696324348449707, 0.6019318103790283, 0.5341225862503052, 0.4664084017276764, 0.46451535820961, 0.5578428506851196, 0.5578428506851196, 0.5578428506851196, 0.6083133816719055, 0.5769916772842407, 0.5289632081985474, 0.5016965866088867, 0.602356493473053, 0.49693194031715393, 0.6480774879455566, 0.4895477294921875, 0.5995718836784363, 0.5940107703208923, 0.5272367000579834, 0.6034001708030701, 0.5440402626991272, 0.6095657348632812, null, 0.622173011302948, 0.5832882523536682, 0.5180302262306213, null, 0.6374413967132568, 0.535703182220459, 0.6358256340026855, 0.4977019131183624, 0.535703182220459, 0.53235924243927, 0.5802105069160461, 0.596257209777832, 0.5533156394958496, 0.5178332328796387, 0.5337046980857849, 0.5861180424690247, 0.4770042300224304, 0.6321551203727722, 0.5357249975204468, 0.4770042300224304, 0.48934462666511536, 0.5637622475624084, 0.4858417212963104, 0.5918178558349609, 0.5788500905036926, 0.4782606363296509, 0.6106081604957581, 0.5579173564910889, 0.6046780347824097, 0.49804896116256714, 0.4300839900970459, 0.5835999250411987, 0.6035385727882385, 0.5497030019760132, 0.6484038233757019, 0.6095479726791382, 0.5497030019760132, 0.4939645528793335, 0.5596973896026611, 0.5596973896026611, 0.5547218322753906, 0.5289269685745239, 0.5610461235046387, 0.6088964343070984, 0.5940492153167725, 0.5050991177558899, 0.5773329138755798, 0.6108327507972717, 0.5742834210395813, 0.583069920539856, 0.583069920539856, 0.5924730896949768, 0.49530142545700073, 0.579299807548523, 0.5825115442276001, 0.6263027191162109, 0.6094880700111389, 0.607682466506958, 0.5813578367233276, 0.6190400719642639, 0.6307179927825928, 0.6069760322570801, 0.627796471118927, 0.6307179927825928, 0.5838337540626526, 0.6326203346252441, 0.5442498326301575, 0.589723527431488, 0.6114226579666138, 0.5599793195724487, 0.59522944688797, 0.627496063709259, 0.6121876835823059, 0.5830798745155334, 0.5286016464233398]}, "2017-12-25": {"SAR_VV": [0.7190269827842712, 0.7853785157203674, 0.7507169842720032, 0.6528517603874207, 0.7545578479766846, 0.6978931427001953, 0.7422510981559753, 0.7392693161964417, 0.7078213095664978, 0.7392693161964417, 0.7079507112503052, 0.6918551921844482, 0.7422510981559753, 0.7240462899208069, 0.6984726190567017, 0.6936554908752441, 0.7017135620117188, 0.7612132430076599, 0.7428151965141296, 0.7151339054107666, 0.7445662617683411, 0.7370933890342712, 0.7411306500434875, 0.6963666081428528, null, 0.7029878497123718, 0.7037713527679443, 0.7792088389396667, null, 0.7070635557174683, 0.692949652671814, 0.7166666388511658, 0.7407390475273132, 0.692949652671814, 0.679853618144989, 0.7263657450675964, 0.7650353312492371, 0.695171058177948, 0.7416762709617615, 0.7094176411628723, 0.7034598588943481, 0.6540818810462952, 0.7294551730155945, 0.7876734733581543, 0.6982274055480957, 0.7267999649047852, 0.7465494275093079, 0.6982274055480957, 0.6204677820205688, 0.7053884267807007, 0.7445948719978333, 0.6920696496963501, 0.6799021363258362, 0.7217085361480713, 0.713095486164093, 0.7217085361480713, 0.7243860363960266, 0.6654804348945618, 0.7298632860183716, 0.6468920707702637, 0.7457757592201233, 0.7560626268386841, 0.7303687334060669, 0.6761564612388611, 0.6630768775939941, 0.7100701332092285, 0.7129974365234375, 0.6538424491882324, 0.7179825901985168, 0.6087056994438171, 0.7623470425605774, 0.7067803740501404, 0.7371417284011841, 0.7051395773887634, 0.7844815254211426, 0.7095199227333069, 0.6867188811302185, 0.8061699271202087, 0.7689897418022156, 0.7700016498565674, 0.6941990256309509, 0.7384400367736816, 0.7348352670669556, 0.7022908926010132, 0.6577123403549194, 0.7611197233200073, 0.7544955611228943, 0.7390209436416626, 0.7191191911697388, 0.725718080997467, 0.6371978521347046, 0.7651587128639221, 0.6933674812316895, 0.770636796951294, 0.7321668267250061, 0.6971869468688965, 0.7303076982498169, 0.6565322279930115, 0.6204835772514343, 0.6909210085868835], "SAR_VH": [0.6409289240837097, 0.7415797710418701, 0.6921290159225464, 0.6764500141143799, 0.5727167129516602, 0.6356884241104126, 0.6114784479141235, 0.6676547527313232, 0.594992995262146, 0.6676547527313232, 0.5599778294563293, 0.5709484219551086, 0.6114784479141235, 0.6167446374893188, 0.6024717688560486, 0.5831742286682129, 0.6715846061706543, 0.624372661113739, 0.6340510249137878, 0.6207371354103088, 0.6127792596817017, 0.6127683520317078, 0.5975053310394287, 0.4999731183052063, null, 0.5392806529998779, 0.5938392281532288, 0.6441903710365295, null, 0.585074245929718, 0.6259471774101257, 0.656087338924408, 0.614830732345581, 0.6259471774101257, 0.5941326022148132, 0.6775244474411011, 0.629304826259613, 0.5691201090812683, 0.6347312331199646, 0.5779337286949158, 0.6397566199302673, 0.6149708032608032, 0.66082364320755, 0.6760373115539551, 0.5793724656105042, 0.5330639481544495, 0.5860901474952698, 0.5793724656105042, 0.6349593997001648, 0.5910392999649048, 0.5916159749031067, 0.5781517028808594, 0.625100314617157, 0.6574994921684265, 0.637628972530365, 0.6574994921684265, 0.6116766929626465, 0.6129528284072876, 0.6600720882415771, 0.5997492074966431, 0.5600721836090088, 0.6566179990768433, 0.581754744052887, 0.6218228936195374, 0.60850989818573, 0.586232602596283, 0.6355863213539124, 0.6227593421936035, 0.6460756659507751, 0.6334241628646851, 0.629356324672699, 0.5304485559463501, 0.5680405497550964, 0.6354225277900696, 0.626257061958313, 0.6077174544334412, 0.629626452922821, 0.6013596653938293, 0.48042547702789307, 0.5761851668357849, 0.6591751575469971, 0.4969845712184906, 0.6217635273933411, 0.6839613318443298, 0.6342829465866089, 0.5513849854469299, 0.6378099322319031, 0.6319277286529541, 0.6130797266960144, 0.6595678329467773, 0.6242634654045105, 0.6261500716209412, 0.6176542639732361, 0.5722050070762634, 0.6162939071655273, 0.67978835105896, 0.5492684245109558, 0.6340860724449158, 0.6669961214065552, 0.6181822419166565]},