{"2017-11-19": {"SAR_VV": [0.7716594338417053, 0.7079916000366211, 0.7077529430389404, 0.6916355490684509, null, null, 0.7116458415985107, 0.7151903510093689, null, 0.7056761980056763, 0.7280983328819275, 0.7029299139976501, 0.7029299139976501, 0.747977077960968, 0.7560725808143616, 0.6567844152450562, 0.7317084670066833, null, 0.7279353141784668, 0.771010160446167, null, null, 0.7484541535377502, 0.7747654318809509, 0.7092011570930481, 0.7484541535377502, 0.7242790460586548, 0.7169071435928345, 0.7374858260154724, 0.7491728663444519, 0.6990415453910828, 0.7329002618789673, 0.718231737613678, 0.7027989625930786, 0.8075070977210999, 0.685928463935852, 0.685928463935852, 0.7747876644134521, 0.8221524357795715, 0.7527878880500793, 0.8221524357795715, 0.7254093885421753, 0.7294638156890869, null, 0.7335577011108398, 0.6837050914764404, null, 0.7107520699501038, 0.7938399314880371, null, 0.7198906540870667, null, 0.7118894457817078, null, 0.6888774633407593, null, 0.7138482332229614, 0.7127028107643127, 0.7005091309547424, 0.6664668321609497, 0.7546039819717407, 0.799980103969574, 0.795441210269928, 0.795441210269928, null, 0.7429842948913574, 0.7082356214523315, 0.740583598613739, 0.7408974170684814, 0.7510964274406433, 0.734025239944458, 0.7374154329299927, 0.7321471571922302, 0.7201516032218933, 0.7631770968437195, 0.672886848449707, 0.7212318778038025, 0.7153040170669556, 0.7854008674621582, 0.7178992629051208, 0.7897743582725525, 0.7571751475334167, 0.7475916743278503, 0.7539706230163574, 0.7391904592514038, 0.8066971898078918, 0.7755337953567505, 0.7529755234718323, 0.7011272311210632, 0.7795566320419312, 0.7622925639152527, 0.709119975566864, 0.7132214903831482, 0.6847219467163086, 0.6779910922050476, 0.7013094425201416, 0.7034140229225159, 0.6567192077636719, 0.6955312490463257, 0.698526918888092], "SAR_VH": [0.648741602897644, 0.6217619180679321, 0.567426323890686, 0.5709130764007568, null, null, 0.558351993560791, 0.6059759259223938, null, 0.5942859053611755, 0.5731813907623291, 0.564871072769165, 0.564871072769165, 0.6374480128288269, 0.6651878356933594, 0.6162124872207642, 0.6159404516220093, null, 0.5938999056816101, 0.5832083821296692, null, null, 0.631201446056366, 0.5736271142959595, 0.5783058404922485, 0.631201446056366, 0.4857081472873688, 0.6562478542327881, 0.5781943202018738, 0.5712659358978271, 0.5019950270652771, 0.6120914220809937, 0.603137195110321, 0.47851502895355225, 0.6487842202186584, 0.5073645710945129, 0.5073645710945129, 0.6351113319396973, 0.6341028213500977, 0.5558657050132751, 0.6341028213500977, 0.5309649109840393, 0.6136354804039001, null, 0.5672522783279419, 0.6216999292373657, null, 0.5813432335853577, 0.6130005121231079, null, 0.5920237898826599, null, 0.6053886413574219, null, 0.6642972826957703, null, 0.513607919216156, 0.622557520866394, 0.6032155752182007, 0.6263229250907898, 0.589677095413208, 0.5331395864486694, 0.3915610611438751, 0.3915610611438751, null, 0.6162886023521423, 0.6149103045463562, 0.5514737963676453, 0.5688449144363403, 0.6433114409446716, 0.5382861495018005, 0.5506740212440491, 0.37185096740722656, 0.5949872136116028, 0.525903046131134, 0.5890926122665405, 0.6125662922859192, 0.6064848899841309, 0.5948910713195801, 0.5885596871376038, 0.5737006664276123, 0.5694953203201294, 0.5556724667549133, 0.5855486989021301, 0.6465659737586975, 0.5694589614868164, 0.5758617520332336, 0.6302759051322937, 0.6589996218681335, 0.6541893482208252, 0.6397672891616821, 0.5312995314598083, 0.5766708254814148, 0.6326049566268921, 0.4932905435562134, 0.6091614365577698, 0.5938301086425781, 0.5626591444015503, 0.5889208316802979, 0.5484285354614258]}, "2017-12-25": {"SAR_VV": [0.6797602772712708, 0.790973961353302, 0.7222764492034912, 0.7750622034072876, null, null, 0.6978586316108704, 0.6965724229812622, null, 0.7569271922111511, 0.6930767893791199, 0.7752572894096375, 0.7618906497955322, 0.6905093789100647, 0.7144080400466919, 0.7468323707580566, 0.7332515716552734, null, 0.7511450052261353, 0.6774534583091736, null, null, 0.7688823342323303, 0.7594583034515381, 0.7719684839248657, 0.7408992648124695, 0.7733421325683594, 0.7666431069374084, 0.6957616209983826, 0.7514068484306335, 0.749070942401886, 0.7070053219795227, 0.751222550868988, 0.7497815489768982, 0.7893608808517456, 0.7600098252296448, 0.7550396919250488, 0.7495461106300354, 0.8045209646224976, 0.7445992231369019, 0.8045209646224976, 0.7679204344749451, 0.7472956776618958, null, 0.7671010494232178, 0.7595552802085876, null, 0.7241433262825012, 0.731554388999939, null, 0.7059539556503296, null, 0.7781181335449219, null, 0.7473904490470886, null, 0.7622203826904297, 0.7240673303604126, 0.731904923915863, 0.7202048301696777, 0.7360054850578308, 0.7225422859191895, 0.7760772109031677, 0.7524574398994446, null, 0.7448862195014954, 0.6818915009498596, 0.6834970712661743, 0.6898292303085327, 0.6420670747756958, 0.7025187015533447, 0.7791711688041687, 0.6644392013549805, 0.703056812286377, 0.7303196787834167, 0.6682592630386353, 0.7361487150192261, 0.6991368532180786, 0.7570483088493347, 0.6921865344047546, 0.7849353551864624, 0.7618682980537415, 0.7143281102180481, 0.7386572360992432, 0.7160606384277344, 0.750580370426178, 0.7197762131690979, 0.732980489730835, 0.7747285962104797, 0.6778409481048584, 0.7447704076766968, 0.6855476498603821, 0.6564000248908997, 0.6864600777626038, 0.7072389721870422, 0.6446704268455505, 0.7695649266242981, 0.725363552570343, 0.7695649266242981, 0.7868216037750244], "SAR_VH": [0.5783446431159973, 0.43828585743904114, 0.5867151618003845, 0.4965626895427704, null, null, 0.6520933508872986, 0.6205780506134033, null, 0.6376461386680603, 0.6102222800254822, 0.6383106112480164, 0.5913403630256653, 0.7127066850662231, 0.6553381085395813, 0.6182514429092407, 0.6537922620773315, null, 0.632060706615448, 0.6241543889045715, null, null, 0.6514918804168701, 0.569354772567749, 0.6908254027366638, 0.5929389595985413, 0.6092183589935303, 0.5308049917221069, 0.47343316674232483, 0.6044905781745911, 0.6027910113334656, 0.6369752883911133, 0.6151610016822815, 0.5514833331108093, 0.6483194828033447, 0.5681443214416504, 0.6218221783638, 0.5727772116661072, 0.6267707943916321, 0.5754110813140869, 0.6267707943916321, 0.613304078578949, 0.6375783681869507, null, 0.5802107453346252, 0.5987522006034851, null, 0.6672675013542175, 0.637567937374115, null, 0.6710333228111267, null, 0.5464823842048645, null, 0.6824918389320374, null, 0.5418111681938171, 0.6748926043510437, 0.684029221534729, 0.6220016479492188, 0.6565650701522827, 0.6598110198974609, 0.5921878218650818, 0.5453978776931763, null, 0.6990839838981628, 0.6282512545585632, 0.6050094366073608, 0.5971398949623108, 0.6371527910232544, 0.6566430926322937, 0.635337233543396, 0.6651375889778137, 0.5769066214561462, 0.5631623268127441, 0.6803941130638123, 0.6397731900215149, 0.614797830581665, 0.6388519406318665, 0.5801860094070435, 0.6612268090248108, 0.6016609072685242, 0.6647902727127075, 0.654646098613739, 0.5727255344390869, 0.576707661151886, 0.5114732384681702, 0.6394027471542358, 0.5929205417633057, 0.6467405557632446, 0.6442834734916687, 0.5943707227706909, 0.619550883769989, 0.6465296745300293, 0.637852668762207, 0.5935285091400146, 0.6439337134361267, 0.7099981904029846, 0.6439337134361267, 0.5883157849311829]},